{
    "TP": 603993.0,
    "TN": 280948.0,
    "FP": 30939.0,
    "FN": 31620.0,
    "FAR": 0.09919938952248412,
    "FRR": 0.04974725186552116,
    "DER": 0.07069284844978285,
    "threshold": 0.5,
    "precision": 0.9512719472321296,
    "recall": 0.950252748134463,
    "F-score": 0.9507620745428143,
    "MCC": 0.8505815285532929,
    "model": "CRDNN (with augmentation, epoch 72)"
}