{
    "TP": 593315.0,
    "TN": 275275.0,
    "FP": 36612.0,
    "FN": 42298.0,
    "FAR": 0.11738866961431167,
    "FRR": 0.06654678239746407,
    "DER": 0.09084838646541993,
    "threshold": 0.5,
    "precision": 0.9418789796277832,
    "recall": 0.9334532176025202,
    "F-score": 0.9376471703778624,
    "MCC": 0.8123676783258457,
    "model": "CRDNN (no augmentation, epoch 31)"
}