{
    "TP": 568432.0,
    "TN": 135123.0,
    "FP": 169303.0,
    "FN": 67181.0,
    "FAR": 0.5561384375841748,
    "FRR": 0.1056948174439478,
    "DER": 0.2515682859966448,
    "precision": 0.7705097358807702,
    "recall": 0.8943051825560522,
    "F-score": 0.8278047515997402,
    "MCC": 0.38504875591699567,
    "threshold": 0.005,
    "model": "Energy VAD (threshold=0.0050)"
}